{"person_id": "10152910168641807", "reactions": [{"type": "LIKE", "id": "10152657355843478", "name": "Priscilla Tran"}, {"type": "LIKE", "id": "10204739330536040", "name": "Beth Tikvah"}, {"type": "LIKE", "id": "10202950863765192", "name": "Joe Krause"}, {"type": "LIKE", "id": "447486925395253", "name": "Chris Barlow"}, {"type": "LIKE", "id": "10202143526660531", "name": "Jelika Cullinan"}, {"type": "LIKE", "id": "10206084080046699", "name": "Roy Patterson"}, {"type": "LIKE", "id": "10201722100876580", "name": "Maddie Heinsohn"}, {"type": "LIKE", "id": "4214045965426", "name": "Jeff Harris"}, {"type": "LIKE", "id": "10153373024553845", "name": "Angelo Diaz"}, {"type": "LIKE", "id": "10202950863765192", "name": "Joe Krause"}, {"type": "LIKE", "id": "10204831882301597", "name": "Vj Rajpal"}, {"type": "LIKE", "id": "10152369511425631", "name": "Shivani Changela"}, {"type": "LIKE", "id": "10152648472218245", "name": "Lauren Bond"}, {"type": "LIKE", "id": "676527855751605", "name": "Mariah Willard"}, {"type": "LIKE", "id": "10207536231461453", "name": "Sandra Dcruz"}, {"type": "LIKE", "id": "10204973175640457", "name": "Gemavie Riney"}, {"type": "LIKE", "id": "10205142803114429", "name": "Philip Rahm"}, {"type": "LIKE", "id": "1310029305691501", "name": "Jordan Gallegos"}, {"type": "LIKE", "id": "10153515746013663", "name": "Albert Lucero"}, {"type": "LIKE", "id": "10204832277900272", "name": "Michael Kang"}, {"type": "LIKE", "id": "2167234175549", "name": "Wale Desalu"}, {"type": "LIKE", "id": "10152648472218245", "name": "Lauren Bond"}, {"type": "LIKE", "id": "10205142803114429", "name": "Philip Rahm"}, {"type": "LIKE", "id": "10103380289689262", "name": "Matthew C Torres"}, {"type": "LIKE", "id": "974318622602955", "name": "Josh Forrest"}, {"type": "LIKE", "id": "10204973175640457", "name": "Gemavie Riney"}, {"type": "LIKE", "id": "10154766026375228", "name": "Taylor James DeVita"}, {"type": "LIKE", "id": "1310029305691501", "name": "Jordan Gallegos"}, {"type": "LIKE", "id": "10207262139775464", "name": "Zach Haddad"}, {"type": "WOW", "id": "952668451526039", "name": "Zach Davila"}, {"type": "LIKE", "id": "985668821461769", "name": "Marisa Christina"}, {"type": "LIKE", "id": "10202265527742989", "name": "Tony Sauceda"}, {"type": "LIKE", "id": "10206084080046699", "name": "Roy Patterson"}, {"type": "LIKE", "id": "10152328089936405", "name": "Andy McDonald"}, {"type": "LIKE", "id": "10153627473378065", "name": "Jasmine Clarke"}, {"type": "LIKE", "id": "472166942921131", "name": "Travis Graham"}, {"type": "LIKE", "id": "662475363832841", "name": "Tiler Frank"}, {"type": "LIKE", "id": "10205410217407812", "name": "Lindsey Manion"}, {"type": "LIKE", "id": "10152481075067132", "name": "Bryan Quigley"}, {"type": "LIKE", "id": "763868586965027", "name": "Sheena Sumner"}, {"type": "LIKE", "id": "10203496985054306", "name": "Chelsea Summer"}, {"type": "LIKE", "id": "10202143526660531", "name": "Jelika Cullinan"}, {"type": "LIKE", "id": "10201722100876580", "name": "Maddie Heinsohn"}, {"type": "LIKE", "id": "10152413768158408", "name": "Nicholas Washburn"}, {"type": "LIKE", "id": "10203468883975727", "name": "Ana Gonzalez"}, {"type": "LIKE", "id": "10152468734707401", "name": "Richard Tostado"}, {"type": "LIKE", "id": "10152387963113665", "name": "John Greene Coats VI"}, {"type": "LIKE", "id": "10152431041946706", "name": "Yasmin El Murib Ciapara"}, {"type": "LIKE", "id": "10152565957755785", "name": "Heather Lizzio"}, {"type": "LIKE", "id": "10152642471328241", "name": "John Langan"}, {"type": "LIKE", "id": "1196153147070398", "name": "Jonathan Brown"}, {"type": "LIKE", "id": "10202897564854305", "name": "Kelsey Malak"}, {"type": "LIKE", "id": "10152558491917393", "name": "Meghan Mulvihill"}, {"type": "LIKE", "id": "10204193926195491", "name": "Erica Clevenger"}, {"type": "LIKE", "id": "855514024459337", "name": "Ronnie Barlow"}, {"type": "LIKE", "id": "503374050415", "name": "Kam Capozzoli"}, {"type": "LIKE", "id": "10152551890076995", "name": "Carrie Melissa"}, {"type": "LIKE", "id": "613579768748543", "name": "Lawrence Adam Wilson"}, {"type": "LIKE", "id": "4214045965426", "name": "Jeff Harris"}, {"type": "LIKE", "id": "10203113779218314", "name": "Michael Thibeault"}, {"type": "LIKE", "id": "1072588166089677", "name": "Shon Neal"}, {"type": "LIKE", "id": "10202143526660531", "name": "Jelika Cullinan"}, {"type": "LIKE", "id": "10205402747887306", "name": "Jason Jones"}, {"type": "LIKE", "id": "814012325326100", "name": "Patrick Rui"}, {"type": "LIKE", "id": "261805177599647", "name": "Jay Johnson"}, {"type": "LIKE", "id": "10152937061858523", "name": "Stephen Keck"}, {"type": "LIKE", "id": "770785566314731", "name": "Lyndsay Jobe"}, {"type": "LIKE", "id": "10203490488475782", "name": "Vy Kieu"}, {"type": "LIKE", "id": "10207536231461453", "name": "Sandra Dcruz"}, {"type": "LOVE", "id": "10210186086946714", "name": "Rachel Willard"}, {"type": "LIKE", "id": "10152576198718994", "name": "Bryce Burnett"}, {"type": "LIKE", "id": "10202265527742989", "name": "Tony Sauceda"}, {"type": "LIKE", "id": "10203468883975727", "name": "Ana Gonzalez"}, {"type": "LIKE", "id": "10206286093215890", "name": "Ashley Phillips"}, {"type": "LIKE", "id": "10152925961512005", "name": "Cori McDonald"}, {"type": "LIKE", "id": "10103380289689262", "name": "Matthew C Torres"}, {"type": "LIKE", "id": "10202143526660531", "name": "Jelika Cullinan"}, {"type": "LIKE", "id": "261805177599647", "name": "Jay Johnson"}, {"type": "LIKE", "id": "308720519277695", "name": "Jacob Fitzsimmons"}, {"type": "LIKE", "id": "855514024459337", "name": "Ronnie Barlow"}, {"type": "LIKE", "id": "10203380379458279", "name": "Nathan Napierski"}, {"type": "LIKE", "id": "331974913656680", "name": "Rudy Borbon"}, {"type": "LIKE", "id": "10104025276071382", "name": "Gabe Watson"}, {"type": "LIKE", "id": "10205142803114429", "name": "Philip Rahm"}, {"type": "LIKE", "id": "206908699749941", "name": "Daniel Shearer"}, {"type": "LIKE", "id": "10202108614532615", "name": "Carlos Carbajal"}, {"type": "LIKE", "id": "10103408477425812", "name": "Adrianna Parra"}, {"type": "LIKE", "id": "1506434882960666", "name": "Amal Hernandez"}, {"type": "LIKE", "id": "10152431041946706", "name": "Yasmin El Murib Ciapara"}, {"type": "LIKE", "id": "10152413768158408", "name": "Nicholas Washburn"}, {"type": "LIKE", "id": "811142295589930", "name": "Yasmeen Alsaidi"}, {"type": "LIKE", "id": "10152387963113665", "name": "John Greene Coats VI"}, {"type": "LIKE", "id": "10152947621958093", "name": "Tim Samuel Paguaga"}, {"type": "LIKE", "id": "10205778975097977", "name": "Sandra Krause"}, {"type": "LIKE", "id": "10104675958538484", "name": "Marco Cano"}, {"type": "LIKE", "id": "361066697418305", "name": "Jorge Vigil"}, {"type": "LIKE", "id": "10202950863765192", "name": "Joe Krause"}, {"type": "LIKE", "id": "10204831882301597", "name": "Vj Rajpal"}, {"type": "LIKE", "id": "10153627473378065", "name": "Jasmine Clarke"}, {"type": "LIKE", "id": "10205358753840120", "name": "Calvin Barreras"}, {"type": "LIKE", "id": "10208159973814136", "name": "Sofian Rhazali"}, {"type": "LIKE", "id": "10152431041946706", "name": "Yasmin El Murib Ciapara"}, {"type": "LIKE", "id": "10201722100876580", "name": "Maddie Heinsohn"}, {"type": "LIKE", "id": "985668821461769", "name": "Marisa Christina"}, {"type": "LIKE", "id": "10104025276071382", "name": "Gabe Watson"}, {"type": "LIKE", "id": "10204739771827048", "name": "Nir Herlinger"}, {"type": "LIKE", "id": "10153627473378065", "name": "Jasmine Clarke"}, {"type": "LIKE", "id": "447486925395253", "name": "Chris Barlow"}, {"type": "LIKE", "id": "10202950863765192", "name": "Joe Krause"}, {"type": "LIKE", "id": "10152328089936405", "name": "Andy McDonald"}, {"type": "LIKE", "id": "10155797684950125", "name": "Marco Pangilinan"}, {"type": "LIKE", "id": "10152392250770933", "name": "Manny Villegas"}, {"type": "LIKE", "id": "769488919765578", "name": "Sam Peddy"}, {"type": "LIKE", "id": "10204884683009707", "name": "Chandima Vithana"}, {"type": "LIKE", "id": "206908699749941", "name": "Daniel Shearer"}, {"type": "LIKE", "id": "10152910168641807", "name": "Anthony Abeyta"}, {"type": "LIKE", "id": "10152947621958093", "name": "Tim Samuel Paguaga"}, {"type": "LIKE", "id": "10206084080046699", "name": "Roy Patterson"}, {"type": "LIKE", "id": "763868586965027", "name": "Sheena Sumner"}, {"type": "LIKE", "id": "674704999303067", "name": "Jay Rivera"}, {"type": "LIKE", "id": "210978885966769", "name": "Rico Bravo"}, {"type": "LIKE", "id": "10152648472218245", "name": "Lauren Bond"}, {"type": "LIKE", "id": "10200096864781769", "name": "George E. Njock III"}, {"type": "LIKE", "id": "1157447960952511", "name": "Julia Peddy"}, {"type": "LIKE", "id": "10152037939142055", "name": "Amanda Hoffman"}, {"type": "LIKE", "id": "1059712264090745", "name": "Khalid Gordon"}, {"type": "LIKE", "id": "10202143526660531", "name": "Jelika Cullinan"}, {"type": "LIKE", "id": "1123382087678531", "name": "Ali Baldwin"}, {"type": "LIKE", "id": "1196153147070398", "name": "Jonathan Brown"}, {"type": "LIKE", "id": "10203250328212416", "name": "John Pugliesi"}, {"type": "LIKE", "id": "10200963281524474", "name": "Patrick Hess"}, {"type": "LIKE", "id": "10153627473378065", "name": "Jasmine Clarke"}, {"type": "LIKE", "id": "10102876084241022", "name": "Rhonda El Murib Ciapara"}, {"type": "LIKE", "id": "10206190811985530", "name": "Jake Roseman"}, {"type": "LIKE", "id": "261805177599647", "name": "Jay Johnson"}, {"type": "LIKE", "id": "447486925395253", "name": "Chris Barlow"}, {"type": "LIKE", "id": "10202397159359247", "name": "Estrella Aguilar Martinez"}, {"type": "LIKE", "id": "10103246796351004", "name": "Franz Derrick"}, {"type": "LIKE", "id": "331974913656680", "name": "Rudy Borbon"}, {"type": "LIKE", "id": "1013311022028121", "name": "Marquez Price"}, {"type": "LIKE", "id": "10205142803114429", "name": "Philip Rahm"}, {"type": "LIKE", "id": "10152392250770933", "name": "Manny Villegas"}, {"type": "LIKE", "id": "210978885966769", "name": "Rico Bravo"}, {"type": "LIKE", "id": "10153324200671391", "name": "Isaac Golden Dombrowski"}, {"type": "LIKE", "id": "10204604719059330", "name": "Zach Forrest"}, {"type": "LIKE", "id": "1157447960952511", "name": "Julia Peddy"}, {"type": "LIKE", "id": "10203468883975727", "name": "Ana Gonzalez"}, {"type": "LIKE", "id": "10152037939142055", "name": "Amanda Hoffman"}, {"type": "LIKE", "id": "10203380379458279", "name": "Nathan Napierski"}, {"type": "LIKE", "id": "10152481075067132", "name": "Bryan Quigley"}, {"type": "LIKE", "id": "10202950863765192", "name": "Joe Krause"}, {"type": "LIKE", "id": "331974913656680", "name": "Rudy Borbon"}, {"type": "LIKE", "id": "4214045965426", "name": "Jeff Harris"}, {"type": "LIKE", "id": "985668821461769", "name": "Marisa Christina"}, {"type": "LIKE", "id": "10202143526660531", "name": "Jelika Cullinan"}, {"type": "LIKE", "id": "1547414198912033", "name": "Roxanne Thomas"}, {"type": "LOVE", "id": "751634181588102", "name": "Andrea Lucero"}, {"type": "LIKE", "id": "10205778975097977", "name": "Sandra Krause"}, {"type": "LIKE", "id": "866091000104650", "name": "Germaine Marie Otero"}, {"type": "LIKE", "id": "814745581880090", "name": "Andrinna Tena Smith"}, {"type": "LIKE", "id": "206908699749941", "name": "Daniel Shearer"}, {"type": "LIKE", "id": "10203468883975727", "name": "Ana Gonzalez"}, {"type": "LIKE", "id": "10204285263561871", "name": "Brenna Clendaniel"}, {"type": "LIKE", "id": "447486925395253", "name": "Chris Barlow"}, {"type": "LIKE", "id": "1103536613125542", "name": "Demetrie Garvin"}, {"type": "LIKE", "id": "10204604719059330", "name": "Zach Forrest"}, {"type": "LIKE", "id": "674704999303067", "name": "Jay Rivera"}, {"type": "LIKE", "id": "10208159973814136", "name": "Sofian Rhazali"}, {"type": "LIKE", "id": "1157447960952511", "name": "Julia Peddy"}, {"type": "LIKE", "id": "10152947621958093", "name": "Tim Samuel Paguaga"}, {"type": "LIKE", "id": "10205142803114429", "name": "Philip Rahm"}, {"type": "LIKE", "id": "10204691194192486", "name": "Yvette Mullings"}, {"type": "LIKE", "id": "10203250328212416", "name": "John Pugliesi"}, {"type": "LIKE", "id": "10102747466192622", "name": "Diego Francisco"}, {"type": "LIKE", "id": "923086084408416", "name": "Hassibullah Kushkaki"}, {"type": "LIKE", "id": "985668821461769", "name": "Marisa Christina"}, {"type": "LIKE", "id": "10152565957755785", "name": "Heather Lizzio"}, {"type": "LIKE", "id": "10153627473378065", "name": "Jasmine Clarke"}, {"type": "LIKE", "id": "10205450659369149", "name": "Charity Anne Spears"}, {"type": "LIKE", "id": "679078625505914", "name": "Nathan Otero"}, {"type": "LIKE", "id": "10152648472218245", "name": "Lauren Bond"}, {"type": "LIKE", "id": "10151998683056361", "name": "Danielle Emerson"}, {"type": "LIKE", "id": "10204973175640457", "name": "Gemavie Riney"}, {"type": "LIKE", "id": "10203887672045127", "name": "Cyrus Afarin"}, {"type": "LIKE", "id": "10207262139775464", "name": "Zach Haddad"}, {"type": "LIKE", "id": "676527855751605", "name": "Mariah Willard"}, {"type": "LIKE", "id": "10152369511425631", "name": "Shivani Changela"}, {"type": "LIKE", "id": "10205229088352232", "name": "Joshua Spears"}, {"type": "LIKE", "id": "10152642471328241", "name": "John Langan"}, {"type": "LIKE", "id": "10152839196803661", "name": "Chris English"}, {"type": "LIKE", "id": "10100891617623208", "name": "Aundrea M"}, {"type": "LIKE", "id": "10152642471328241", "name": "John Langan"}, {"type": "LIKE", "id": "10205545959183313", "name": "Ciro V Minopoli"}, {"type": "LIKE", "id": "10152431041946706", "name": "Yasmin El Murib Ciapara"}, {"type": "LIKE", "id": "10152066212145267", "name": "Aaron Tracy"}, {"type": "LIKE", "id": "10154766026375228", "name": "Taylor James DeVita"}, {"type": "LIKE", "id": "10203468883975727", "name": "Ana Gonzalez"}, {"type": "LIKE", "id": "10152369511425631", "name": "Shivani Changela"}, {"type": "LIKE", "id": "10152702351487124", "name": "Kyle Errington"}, {"type": "LIKE", "id": "2167234175549", "name": "Wale Desalu"}, {"type": "LIKE", "id": "847629101938728", "name": "Emily Leones"}, {"type": "LIKE", "id": "10204831882301597", "name": "Vj Rajpal"}, {"type": "LIKE", "id": "947213598625459", "name": "Danielle Kolb"}, {"type": "LIKE", "id": "10205229088352232", "name": "Joshua Spears"}, {"type": "LIKE", "id": "1059712264090745", "name": "Khalid Gordon"}, {"type": "LIKE", "id": "986033711435858", "name": "Monica Rae Serna"}, {"type": "LIKE", "id": "679078625505914", "name": "Nathan Otero"}, {"type": "LIKE", "id": "10204835702760741", "name": "Richard Aguirre"}, {"type": "LIKE", "id": "10103299825300542", "name": "Rigel Gregory Com\u00e9"}, {"type": "LIKE", "id": "10152565957755785", "name": "Heather Lizzio"}, {"type": "LIKE", "id": "927882473890787", "name": "Emilio Pedraza"}, {"type": "LIKE", "id": "10204884683009707", "name": "Chandima Vithana"}, {"type": "LOVE", "id": "1310029305691501", "name": "Jordan Gallegos"}, {"type": "LIKE", "id": "855514024459337", "name": "Ronnie Barlow"}, {"type": "LIKE", "id": "724836210934775", "name": "Danny Trevino"}, {"type": "LIKE", "id": "10202897564854305", "name": "Kelsey Malak"}, {"type": "LIKE", "id": "811142295589930", "name": "Yasmeen Alsaidi"}, {"type": "LIKE", "id": "10204463559361789", "name": "Ariel Burr"}, {"type": "LIKE", "id": "676527855751605", "name": "Mariah Willard"}, {"type": "LIKE", "id": "10204604719059330", "name": "Zach Forrest"}, {"type": "HAHA", "id": "10205071931779111", "name": "Dave Anderson"}, {"type": "LIKE", "id": "10152413768158408", "name": "Nicholas Washburn"}, {"type": "LIKE", "id": "10203468883975727", "name": "Ana Gonzalez"}, {"type": "LIKE", "id": "10203186321351792", "name": "Brooke Alexis"}, {"type": "HAHA", "id": "206908699749941", "name": "Daniel Shearer"}, {"type": "LIKE", "id": "10152387963113665", "name": "John Greene Coats VI"}, {"type": "LIKE", "id": "770476436355898", "name": "Michael Adamson"}, {"type": "LIKE", "id": "10202108614532615", "name": "Carlos Carbajal"}, {"type": "LIKE", "id": "10100569817403466", "name": "Calley Steel"}, {"type": "LIKE", "id": "10103383380425402", "name": "Justin Ari Gordon"}, {"type": "LIKE", "id": "10100859680071318", "name": "Kyle Ahrens"}, {"type": "LIKE", "id": "10151998683056361", "name": "Danielle Emerson"}, {"type": "LIKE", "id": "847629101938728", "name": "Emily Leones"}, {"type": "LIKE", "id": "10152154384547395", "name": "Nick Orozco"}, {"type": "LIKE", "id": "10204603520220350", "name": "Yota Ishii"}, {"type": "LOVE", "id": "866091000104650", "name": "Germaine Marie Otero"}, {"type": "LIKE", "id": "10103610371603262", "name": "Aaron Brown"}, {"type": "LIKE", "id": "974318622602955", "name": "Josh Forrest"}, {"type": "LIKE", "id": "1506434882960666", "name": "Amal Hernandez"}, {"type": "LIKE", "id": "10152413768158408", "name": "Nicholas Washburn"}, {"type": "LIKE", "id": "10202265527742989", "name": "Tony Sauceda"}, {"type": "LIKE", "id": "10207071512999144", "name": "Dolph James"}, {"type": "LIKE", "id": "10100859680071318", "name": "Kyle Ahrens"}, {"type": "LIKE", "id": "10211192160434101", "name": "Kevin Staroski"}, {"type": "LIKE", "id": "10202968709770276", "name": "Frank Forrest"}, {"type": "LIKE", "id": "1010763695604806", "name": "Timothy Root"}, {"type": "LIKE", "id": "10203887672045127", "name": "Cyrus Afarin"}, {"type": "LIKE", "id": "10202108614532615", "name": "Carlos Carbajal"}, {"type": "LIKE", "id": "10155797684950125", "name": "Marco Pangilinan"}, {"type": "LIKE", "id": "10152591139470482", "name": "Brianne Noriega"}, {"type": "LIKE", "id": "10152937061858523", "name": "Stephen Keck"}, {"type": "LIKE", "id": "447486925395253", "name": "Chris Barlow"}, {"type": "LIKE", "id": "331974913656680", "name": "Rudy Borbon"}, {"type": "LIKE", "id": "10151998683056361", "name": "Danielle Emerson"}, {"type": "LIKE", "id": "10152321660145801", "name": "Jessica Ann Nielsen"}, {"type": "LIKE", "id": "10153627473378065", "name": "Jasmine Clarke"}, {"type": "LIKE", "id": "10201123734454950", "name": "Ricky Gonzales"}, {"type": "LIKE", "id": "10152481075067132", "name": "Bryan Quigley"}, {"type": "LIKE", "id": "10205358753840120", "name": "Calvin Barreras"}, {"type": "LIKE", "id": "10207262139775464", "name": "Zach Haddad"}, {"type": "LIKE", "id": "10154766026375228", "name": "Taylor James DeVita"}, {"type": "LIKE", "id": "10152388571249607", "name": "Michael Evenchik"}, {"type": "LIKE", "id": "10152565957755785", "name": "Heather Lizzio"}, {"type": "LIKE", "id": "10101702256107165", "name": "Derek Lawrence"}, {"type": "LOVE", "id": "10152831792812460", "name": "Desiderio D Abeyta"}, {"type": "LIKE", "id": "10202897564854305", "name": "Kelsey Malak"}, {"type": "LIKE", "id": "674704999303067", "name": "Jay Rivera"}, {"type": "LIKE", "id": "10203630326297452", "name": "Ahdil Hameed"}, {"type": "LIKE", "id": "10152937061858523", "name": "Stephen Keck"}, {"type": "LIKE", "id": "1645908365698848", "name": "Richard Scott Culbertson"}, {"type": "LIKE", "id": "10152037939142055", "name": "Amanda Hoffman"}, {"type": "LIKE", "id": "10205450659369149", "name": "Charity Anne Spears"}, {"type": "LIKE", "id": "10155014022585537", "name": "Javier Toscano"}, {"type": "LIKE", "id": "10155121380425048", "name": "Bryan Beitel"}, {"type": "LIKE", "id": "927882473890787", "name": "Emilio Pedraza"}, {"type": "LIKE", "id": "10154766026375228", "name": "Taylor James DeVita"}, {"type": "LIKE", "id": "10204691194192486", "name": "Yvette Mullings"}, {"type": "LIKE", "id": "1196153147070398", "name": "Jonathan Brown"}, {"type": "LIKE", "id": "10202265527742989", "name": "Tony Sauceda"}, {"type": "LIKE", "id": "10203630326297452", "name": "Ahdil Hameed"}, {"type": "LIKE", "id": "10204913359823006", "name": "Jd Morton"}, {"type": "LIKE", "id": "10153999841970366", "name": "Marc Gonzalez"}, {"type": "LIKE", "id": "10203566428507367", "name": "Calvin Lewis"}, {"type": "LIKE", "id": "886330598068020", "name": "Brian Cuevas"}, {"type": "LIKE", "id": "10205229088352232", "name": "Joshua Spears"}, {"type": "LIKE", "id": "10152565957755785", "name": "Heather Lizzio"}, {"type": "LIKE", "id": "10204603520220350", "name": "Yota Ishii"}, {"type": "LIKE", "id": "855514024459337", "name": "Ronnie Barlow"}, {"type": "LIKE", "id": "10210186086946714", "name": "Rachel Willard"}, {"type": "LIKE", "id": "10152468734707401", "name": "Richard Tostado"}, {"type": "LIKE", "id": "10151998683056361", "name": "Danielle Emerson"}, {"type": "LIKE", "id": "10152387963113665", "name": "John Greene Coats VI"}, {"type": "LIKE", "id": "10211192160434101", "name": "Kevin Staroski"}, {"type": "LIKE", "id": "10152561915575766", "name": "Jacqueline Mattes"}, {"type": "LIKE", "id": "10205403375227555", "name": "Thomas Rugg"}, {"type": "LIKE", "id": "682087845223340", "name": "Nick Offenberger"}, {"type": "LIKE", "id": "1645908365698848", "name": "Richard Scott Culbertson"}, {"type": "LIKE", "id": "10152473352123646", "name": "Gwyen Raamat"}, {"type": "LIKE", "id": "10155014022585537", "name": "Javier Toscano"}, {"type": "LIKE", "id": "447486925395253", "name": "Chris Barlow"}, {"type": "LIKE", "id": "631876756928822", "name": "Derrick Coker"}, {"type": "LIKE", "id": "10153627473378065", "name": "Jasmine Clarke"}, {"type": "LIKE", "id": "903875856297194", "name": "Caleb Chestnut"}, {"type": "LIKE", "id": "10152069667604087", "name": "Telisha Randle"}, {"type": "LIKE", "id": "10202143526660531", "name": "Jelika Cullinan"}, {"type": "LIKE", "id": "10152793520803869", "name": "Amy Hu"}, {"type": "LIKE", "id": "769488919765578", "name": "Sam Peddy"}, {"type": "LIKE", "id": "10205450659369149", "name": "Charity Anne Spears"}, {"type": "LIKE", "id": "10205778975097977", "name": "Sandra Krause"}, {"type": "LIKE", "id": "10203630326297452", "name": "Ahdil Hameed"}, {"type": "LIKE", "id": "493896694073440", "name": "Gabriel Encinas"}, {"type": "LIKE", "id": "10207262139775464", "name": "Zach Haddad"}, {"type": "LIKE", "id": "10204739330536040", "name": "Beth Tikvah"}, {"type": "LIKE", "id": "10205229088352232", "name": "Joshua Spears"}, {"type": "LIKE", "id": "10152481075067132", "name": "Bryan Quigley"}, {"type": "LIKE", "id": "10152369511425631", "name": "Shivani Changela"}, {"type": "LIKE", "id": "439127229555976", "name": "Priscilla Ezette Lopez"}, {"type": "LIKE", "id": "759932204087145", "name": "Cord D Figueroa"}, {"type": "LIKE", "id": "10204407265694873", "name": "Preston Pratt"}, {"type": "LIKE", "id": "10152154384547395", "name": "Nick Orozco"}, {"type": "LIKE", "id": "763868586965027", "name": "Sheena Sumner"}, {"type": "LIKE", "id": "10155121380425048", "name": "Bryan Beitel"}, {"type": "LIKE", "id": "10205142803114429", "name": "Philip Rahm"}, {"type": "LIKE", "id": "1029040100457223", "name": "Ben Malisewski"}, {"type": "LIKE", "id": "10210186086946714", "name": "Rachel Willard"}, {"type": "LIKE", "id": "10152413768158408", "name": "Nicholas Washburn"}, {"type": "LIKE", "id": "1461781564098115", "name": "Andrew Ehat"}, {"type": "LIKE", "id": "10207267332914050", "name": "Aneatria Watson"}, {"type": "LIKE", "id": "1391370837824693", "name": "Mike Rhines"}, {"type": "LIKE", "id": "10152893419225050", "name": "Wilfred Alford"}, {"type": "LIKE", "id": "10204162276448482", "name": "Tanya King Konz"}, {"type": "LIKE", "id": "10203620320970926", "name": "Jimmie Smith"}, {"type": "LIKE", "id": "1183201601698180", "name": "John Olague"}, {"type": "LIKE", "id": "10103383380425402", "name": "Justin Ari Gordon"}, {"type": "LIKE", "id": "1196153147070398", "name": "Jonathan Brown"}, {"type": "LIKE", "id": "10152313392852293", "name": "Sara Sarmiento"}, {"type": "LIKE", "id": "10203418966857973", "name": "Cathy Egan"}, {"type": "LIKE", "id": "10100390466983283", "name": "Cortney McNees"}, {"type": "LOVE", "id": "10152913243279138", "name": "Ally Koren"}, {"type": "LIKE", "id": "775935902460380", "name": "Eddiie Russell"}, {"type": "LIKE", "id": "10203631906502094", "name": "Anthony Torres"}, {"type": "LIKE", "id": "10209858206795944", "name": "Maverick Tudisco"}, {"type": "LIKE", "id": "10152946647737722", "name": "Hannah B. Rose Yount"}, {"type": "LIKE", "id": "10153020973297203", "name": "Jenda English"}, {"type": "LIKE", "id": "10152069667604087", "name": "Telisha Randle"}, {"type": "LIKE", "id": "10205386122665667", "name": "Whitney Holland"}, {"type": "LIKE", "id": "10204062987747276", "name": "Paula Clendaniel"}, {"type": "LIKE", "id": "1597890613773189", "name": "Brian Klein"}, {"type": "LIKE", "id": "10100859680071318", "name": "Kyle Ahrens"}, {"type": "LIKE", "id": "10207536231461453", "name": "Sandra Dcruz"}, {"type": "LIKE", "id": "10212273565062533", "name": "Kristen Fletez"}, {"type": "LIKE", "id": "1259461047414200", "name": "Evan Edward Spears"}, {"type": "LIKE", "id": "10203890754366135", "name": "Carmen L Pena Harris"}, {"type": "LIKE", "id": "1059712264090745", "name": "Khalid Gordon"}, {"type": "LIKE", "id": "10152793520803869", "name": "Amy Hu"}, {"type": "LIKE", "id": "10204604719059330", "name": "Zach Forrest"}, {"type": "LIKE", "id": "261805177599647", "name": "Jay Johnson"}, {"type": "LIKE", "id": "10103380289689262", "name": "Matthew C Torres"}, {"type": "LIKE", "id": "10153627473378065", "name": "Jasmine Clarke"}, {"type": "LIKE", "id": "10152037939142055", "name": "Amanda Hoffman"}, {"type": "LIKE", "id": "10104325976500223", "name": "David Hunt"}, {"type": "LIKE", "id": "741114142603340", "name": "Deshon Colburt"}, {"type": "LIKE", "id": "10204340736589178", "name": "Eileen Califano-Morgan"}, {"type": "LIKE", "id": "852162594796656", "name": "Carmen Villescas Sipple"}, {"type": "LIKE", "id": "447486925395253", "name": "Chris Barlow"}, {"type": "LIKE", "id": "870871846277398", "name": "Eric Collins"}, {"type": "LIKE", "id": "1506434882960666", "name": "Amal Hernandez"}, {"type": "LIKE", "id": "10201913806607180", "name": "Brenda Barraza"}, {"type": "LIKE", "id": "10203725167439920", "name": "Jordan Faith"}, {"type": "LIKE", "id": "4026135908055", "name": "Rebecca Harris"}, {"type": "LIKE", "id": "10200917367656421", "name": "Alysan Grace Walker"}, {"type": "LIKE", "id": "10152565957755785", "name": "Heather Lizzio"}, {"type": "LIKE", "id": "10203727416018215", "name": "Joanie Faherty"}, {"type": "LIKE", "id": "10152961780444272", "name": "Cecilia Setoki"}, {"type": "LIKE", "id": "10152348854921361", "name": "Rachel Ross"}, {"type": "LIKE", "id": "10203836908797391", "name": "Christina Schoonover"}, {"type": "LIKE", "id": "10152380139686920", "name": "Piel Thegoat Neterson"}, {"type": "LIKE", "id": "745955275455214", "name": "Anis Victoria Taylor"}, {"type": "LIKE", "id": "1103536613125542", "name": "Demetrie Garvin"}, {"type": "LIKE", "id": "10152553472478070", "name": "Sam Shainsky"}, {"type": "LIKE", "id": "637741952942476", "name": "Bridget Boushka"}, {"type": "LIKE", "id": "447486925395253", "name": "Chris Barlow"}, {"type": "LIKE", "id": "10205459235468731", "name": "Allissia Romero"}, {"type": "LIKE", "id": "10154766026375228", "name": "Taylor James DeVita"}, {"type": "LIKE", "id": "806022456126789", "name": "Samuel Spears"}, {"type": "LIKE", "id": "712423342127853", "name": "Uli Decanini"}, {"type": "LIKE", "id": "10205403375227555", "name": "Thomas Rugg"}, {"type": "LIKE", "id": "986033711435858", "name": "Monica Rae Serna"}, {"type": "LIKE", "id": "1310029305691501", "name": "Jordan Gallegos"}, {"type": "LIKE", "id": "987928731223997", "name": "Fernando David Dominguez"}, {"type": "HAHA", "id": "10152558491917393", "name": "Meghan Mulvihill"}, {"type": "LIKE", "id": "10205475858549905", "name": "Zaia George Zomayah"}, {"type": "LIKE", "id": "10152642471328241", "name": "John Langan"}, {"type": "LIKE", "id": "1162641447105069", "name": "Danny Ferris"}, {"type": "LIKE", "id": "631876756928822", "name": "Derrick Coker"}, {"type": "HAHA", "id": "522845564507704", "name": "Sidy Jheremy Traor\u00e9"}, {"type": "LIKE", "id": "10201942279820268", "name": "Brian Benesch"}, {"type": "LIKE", "id": "10203630326297452", "name": "Ahdil Hameed"}, {"type": "LIKE", "id": "985668821461769", "name": "Marisa Christina"}, {"type": "LIKE", "id": "10202950863765192", "name": "Joe Krause"}, {"type": "LIKE", "id": "10203468883975727", "name": "Ana Gonzalez"}, {"type": "LIKE", "id": "814347568576693", "name": "Tucker Shea"}, {"type": "LIKE", "id": "996669327013943", "name": "Rachel Ward"}, {"type": "LIKE", "id": "10104025276071382", "name": "Gabe Watson"}, {"type": "LIKE", "id": "10152657355843478", "name": "Priscilla Tran"}, {"type": "LIKE", "id": "631876756928822", "name": "Derrick Coker"}, {"type": "LIKE", "id": "10152751766203240", "name": "Justin David Sullivan"}, {"type": "LIKE", "id": "676527855751605", "name": "Mariah Willard"}, {"type": "LIKE", "id": "10204278554869148", "name": "Adam Sandoval"}, {"type": "LIKE", "id": "10155569999385596", "name": "Sergio Gallardo"}, {"type": "LOVE", "id": "682087845223340", "name": "Nick Offenberger"}, {"type": "LIKE", "id": "10155797684950125", "name": "Marco Pangilinan"}, {"type": "LIKE", "id": "10201722100876580", "name": "Maddie Heinsohn"}, {"type": "LIKE", "id": "10205601091812554", "name": "Francisco Walter S"}, {"type": "LIKE", "id": "10210186086946714", "name": "Rachel Willard"}, {"type": "LIKE", "id": "10203630326297452", "name": "Ahdil Hameed"}, {"type": "LIKE", "id": "10203719111852707", "name": "Missie O'Toole"}, {"type": "LIKE", "id": "1010763695604806", "name": "Timothy Root"}, {"type": "LIKE", "id": "1310029305691501", "name": "Jordan Gallegos"}, {"type": "LIKE", "id": "10100859680071318", "name": "Kyle Ahrens"}, {"type": "LIKE", "id": "901885066542813", "name": "Stephanie Gibbons"}, {"type": "LIKE", "id": "10206084080046699", "name": "Roy Patterson"}, {"type": "LIKE", "id": "10155014022585537", "name": "Javier Toscano"}, {"type": "LIKE", "id": "808803542476588", "name": "Sami Calle"}, {"type": "LIKE", "id": "10152565957755785", "name": "Heather Lizzio"}, {"type": "LIKE", "id": "1162641447105069", "name": "Danny Ferris"}, {"type": "LIKE", "id": "10205459533827389", "name": "Margaux Brown"}, {"type": "HAHA", "id": "522845564507704", "name": "Sidy Jheremy Traor\u00e9"}, {"type": "HAHA", "id": "10206021524074954", "name": "Orlando Jomel Joseph"}, {"type": "LIKE", "id": "10203467321939973", "name": "Randy A Twaits Jr."}, {"type": "LIKE", "id": "10152392250770933", "name": "Manny Villegas"}, {"type": "LIKE", "id": "10205778975097977", "name": "Sandra Krause"}, {"type": "LIKE", "id": "745955275455214", "name": "Anis Victoria Taylor"}, {"type": "LIKE", "id": "10100569817403466", "name": "Calley Steel"}, {"type": "LIKE", "id": "1510785342517272", "name": "Brian Cox"}, {"type": "LIKE", "id": "1050549078336742", "name": "Kristopher Konz"}, {"type": "LIKE", "id": "662475363832841", "name": "Tiler Frank"}, {"type": "LIKE", "id": "10205411897442064", "name": "Sri Harsha Samanthula"}, {"type": "LIKE", "id": "493896694073440", "name": "Gabriel Encinas"}, {"type": "LIKE", "id": "10204973175640457", "name": "Gemavie Riney"}, {"type": "LIKE", "id": "10202428984838120", "name": "Hannah Holman"}, {"type": "LIKE", "id": "987928731223997", "name": "Fernando David Dominguez"}, {"type": "LIKE", "id": "4214045965426", "name": "Jeff Harris"}, {"type": "LIKE", "id": "10152648472218245", "name": "Lauren Bond"}, {"type": "HAHA", "id": "676527855751605", "name": "Mariah Willard"}, {"type": "LIKE", "id": "10203218134925763", "name": "Jessica Rivera"}, {"type": "LIKE", "id": "10203929031167296", "name": "Luis Mariscal"}, {"type": "LOVE", "id": "682087845223340", "name": "Nick Offenberger"}, {"type": "LIKE", "id": "10204463559361789", "name": "Ariel Burr"}, {"type": "LIKE", "id": "10102876084241022", "name": "Rhonda El Murib Ciapara"}, {"type": "LIKE", "id": "10152553472478070", "name": "Sam Shainsky"}]}